user_id,nombre,ciudad,email,fecha_registro
1,Fernanda Cuadrado Cárdenas,Pontevedra,liliana56@example.com,2025-02-28
2,José Antonio de Arribas,Huesca,sguillen@example.net,2025-07-23
3,Rodrigo Carrasco-Sola,Barcelona,sedanoinigo@example.net,2025-04-02
4,Merche Cordero Castell,Valladolid,salomon42@example.com,2024-05-21
5,Mamen Tejada Gibert,Teruel,valentina88@example.com,2025-03-16
6,Inocencio Marciano Rodrigo Aller,Baleares,vperal@example.net,2025-06-06
7,Brígida del Tejada,Huesca,alejandracatala@example.net,2024-02-10
8,Cirino Darío Figueroa Murcia,Burgos,rosario32@example.org,2025-05-09
9,Victoriano Huertas Morales,León,ema05@example.net,2025-06-05
10,Abraham Recio Tormo,Toledo,xsolsona@example.net,2024-04-01
11,Claudio Cañizares,Ávila,ferranfelisa@example.com,2025-07-27
12,Edu Palomino Caparrós,Toledo,juradoelena@example.net,2024-09-09
13,Imelda Abellán Vidal,Sevilla,peinadoester@example.org,2024-03-25
14,Custodio de Morales,Lugo,patriciacontreras@example.org,2025-03-26
15,Melania Girona Criado,Zaragoza,lillofortunato@example.net,2024-02-15
16,Gala María Gaya Jerez,Las Palmas,gcasares@example.org,2023-11-14
17,Jonatan Rivera Gallego,Lugo,danbeltran@example.org,2025-04-11
18,Alba Salvà Rozas,Alicante,estelaaranda@example.net,2025-06-29
19,Haydée Quesada Buendía,Lleida,buenoambar@example.net,2024-07-03
20,Eutropio del Velázquez,Ourense,gervasiobarco@example.net,2025-06-25
21,Lara Mora Gallardo,Badajoz,bbarbera@example.com,2025-05-23
22,Dorotea Carnero Taboada,La Rioja,francisco-josezabaleta@example.com,2025-07-28
23,Leopoldo Palacios Ariño,Segovia,morenoherrero@example.com,2023-11-27
24,Marina Flor Villalba Quero,Girona,aleiva@example.org,2024-04-09
25,Mariano del Aguiló,Cáceres,jaumeyolanda@example.com,2025-05-28
26,Elpidio Mármol-Santana,Cantabria,trecio@example.com,2024-10-29
27,Rosalinda Rocha Cazorla,Madrid,vblanco@example.org,2025-08-15
28,Isaura Ramos Cuesta,Teruel,vanesaandres@example.net,2024-01-01
29,Chita Ferrándiz,Castellón,bvelez@example.org,2025-01-20
30,Ainoa Moraleda Duque,Guipúzcoa,robertovalenzuela@example.com,2024-06-05
31,Baltasar Peral-Agudo,Córdoba,condesalome@example.org,2024-03-20
32,Amelia Agustín Rovira,Jaén,nando41@example.com,2025-03-19
33,Ambrosio Cepeda,Ourense,marisela03@example.net,2024-04-19
34,Paulina Mateo Benito,Badajoz,xvalentin@example.org,2025-10-11
35,Amor Charo Esparza Águila,Álava,josep28@example.net,2024-09-22
36,Gabino del Pazos,La Coruña,aureliano60@example.org,2024-02-25
37,Consuelo de Pérez,Málaga,silvestre97@example.com,2025-02-09
38,Milagros del Sevillano,La Rioja,arenasvito@example.net,2024-12-01
39,Antonio Julio Porcel Rivas,Melilla,agustina12@example.net,2025-06-14
40,Chus Tormo Marqués,Zaragoza,cuencaamando@example.com,2024-01-14
41,Vera Julián Gisbert,Barcelona,herminio64@example.com,2024-12-17
42,María Cristina Villalobos Cabeza,Barcelona,bartolome66@example.net,2025-05-16
43,Eloísa del Nuñez,Navarra,escamillanilo@example.net,2025-03-24
44,Cristina Gámez Coll,Teruel,farrefortunata@example.org,2023-11-26
45,Lucho Cecilio Botella Barranco,Guadalajara,ztejedor@example.com,2025-02-20
46,Etelvina Fábregas-Araujo,Soria,clotilde46@example.net,2025-08-27
47,Noelia Gimenez-Carnero,Cáceres,pmorales@example.org,2025-07-18
48,Arturo Peláez Palacio,Madrid,linaresharoldo@example.net,2025-06-17
49,Vidal Rosales Azcona,Teruel,luz25@example.org,2024-03-17
50,Goyo Cabañas-Milla,Sevilla,leocadioandres@example.com,2024-03-23
51,Reyes Fortuny Amo,La Coruña,osolana@example.org,2025-01-28
52,Herberto del Castillo,Lleida,olimpia52@example.net,2025-01-22
53,Jose Miguel Marcial Benitez Gonzalez,Cuenca,rodriguezjavi@example.net,2025-03-27
54,Rodolfo Rubio Canet,Alicante,ruben29@example.org,2025-05-11
55,Isidro Epifanio Barreda Hurtado,Lugo,iferrandez@example.net,2023-11-05
56,Lorenza Mercader Llorente,Cantabria,eveliadiez@example.com,2023-11-01
57,Leire Linares Rocamora,Valencia,norberto92@example.net,2025-09-25
58,Ramona Bru Peiró,Palencia,espanolalbino@example.com,2024-01-16
59,Azahar Vera Pont,Asturias,ymiralles@example.com,2024-11-12
60,Rosalva Ruiz,Valencia,franciscabaron@example.org,2024-05-19
61,Miguela Orozco Zaragoza,Córdoba,nidiagascon@example.com,2025-09-02
62,Lino Mata Vilalta,Zamora,anunciacion57@example.net,2025-05-06
63,Mónica Ibañez-Maestre,Málaga,marinopalomar@example.net,2024-12-01
64,Beatriz Figuerola Morillo,Asturias,florencia84@example.com,2025-09-26
65,Modesto Baeza Perera,Huesca,jaime68@example.org,2023-12-25
66,Eloy Manuel Polo,Toledo,fortunatomoll@example.net,2025-05-19
67,Ariel Bustos Guillén,Vizcaya,felicianolobo@example.net,2025-09-25
68,Liliana Palau Álvarez,Lugo,ntirado@example.net,2025-04-07
69,Ximena Rosa María Vélez Collado,Ciudad,lconde@example.org,2025-06-09
70,Odalis Mendoza Alvarez,Ciudad,albano26@example.com,2023-12-22
71,Sosimo Alberto Sosa,Valladolid,adolfo58@example.org,2024-07-27
72,Ambrosio Gilabert-Losada,Pontevedra,lsalas@example.com,2024-07-12
73,Pía Ripoll Cabrero,Segovia,reyna25@example.org,2023-12-16
74,Ainara Almansa Piñol,Álava,danielamarques@example.net,2024-01-30
75,Sandalio Ferrándiz,Santa Cruz de Tenerife,nvalero@example.org,2024-03-07
76,Yéssica de Peláez,Santa Cruz de Tenerife,roxana75@example.net,2024-07-05
77,Américo Figuerola Crespo,Lleida,dimasnavas@example.net,2024-07-07
78,Genoveva Andres Rosales,Lleida,sarnaiz@example.net,2023-11-04
79,Íngrid de Olivé,Ourense,banosnicodemo@example.com,2025-06-18
80,Malena Alcalá Aramburu,Zamora,maria-jose28@example.com,2024-06-09
81,Miriam Ramis Artigas,Jaén,pineiromercedes@example.org,2024-01-10
82,Luna Boada Páez,Huelva,felix17@example.com,2024-06-14
83,Remigio Barranco Arroyo,Palencia,toniaragon@example.org,2023-11-17
84,Graciela Luque,Palencia,psolano@example.org,2025-08-19
85,Elena Ribas Casal,Ceuta,palauhaydee@example.net,2025-02-10
86,Daniel Alcántara Nicolau,Cádiz,jcamino@example.org,2024-09-07
87,Juan Carlos de Quirós,Baleares,eguzman@example.org,2024-10-11
88,Augusto Catalán-Vélez,Asturias,wnavas@example.net,2025-05-13
89,Florentino Roig Cerdán,Tarragona,ovidio68@example.org,2025-08-28
90,Evaristo de Almagro,Soria,arellanoarturo@example.net,2024-12-21
91,Baltasar Ayllón Jordán,Segovia,plucena@example.com,2025-05-27
92,Crescencia Ruth Riera Tovar,Málaga,aleon@example.net,2023-11-10
93,Rosa María Vazquez Barco,Las Palmas,alonso57@example.net,2024-03-29
94,Loreto Melero Exposito,Vizcaya,mercadergeronimo@example.com,2025-09-11
95,Sonia Morán Terrón,Jaén,ocueto@example.org,2025-02-16
96,Heliodoro de Roldán,Castellón,uduarte@example.org,2025-05-12
97,Arturo Cervantes,Jaén,marisa97@example.org,2024-06-17
98,Ulises Estévez Gallo,Cuenca,prudencio27@example.net,2024-06-28
99,Pascuala Aguirre,Vizcaya,angela02@example.com,2024-05-22
100,Ernesto Oller Cabezas,La Rioja,salesasdrubal@example.org,2025-02-04
